PRAGMA foreign_keys=OFF;
BEGIN TRANSACTION;
create table if not exists `suppliers` (`id` INTEGER PRIMARY KEY AUTOINCREMENT, `name` VARCHAR(255) NOT NULL UNIQUE, `address` VARCHAR(255), `contact` VARCHAR(255), `telephone` VARCHAR(255), `cellphone` VARCHAR(255), `createdAt` DATETIME NOT NULL, `updatedAt` DATETIME NOT NULL);
INSERT INTO suppliers VALUES(1,'小河实业','深圳黄贝岭华丽东村4栋604','王大庆','0865-235641','19925247955','2021-06-05 07:01:21.510 +00:00','2021-06-05 07:01:21.510 +00:00');
INSERT INTO suppliers VALUES(2,'长江贸易实业有限公司','长江市江阴路18号华丽东村','王凯旋','0754-89546231','19925247955','2021-06-16 07:58:19.751 +00:00','2021-09-07 03:51:52.037 +00:00');
INSERT INTO suppliers VALUES(5,'大浪国际贸易','大浪工业园','乔峰','0755-5698563','19925786532','2021-09-07 03:18:41.057 +00:00','2021-09-07 03:18:41.057 +00:00');
INSERT INTO suppliers VALUES(6,'中华科技','深圳南山区科技园','李中华','0755-5698321',NULL,'2021-09-07 03:26:02.889 +00:00','2021-09-07 04:45:59.499 +00:00');
INSERT INTO suppliers VALUES(8,'小布鞋业','福建晋江','黄鹤',NULL,'16698563215','2021-09-07 07:59:31','2021-09-07 07:59:31');
INSERT INTO suppliers VALUES(10,'大浪科技','新加坡','李华良',NULL,'13365942154','2021-09-08 09:37:00','2021-09-08 09:37:00');
create table if not exists `orders` (`id` INTEGER PRIMARY KEY AUTOINCREMENT, `orderNo` VARCHAR(255) NOT NULL UNIQUE, `supplierId` INTEGER NOT NULL REFERENCES `suppliers` (`id`) ON DELETE CASCADE ON UPDATE CASCADE, `MOD` DATE, `orderPaid` TINYINT(1) DEFAULT 0, `EDD` DATE, `ADD` DATE, `createdAt` DATETIME NOT NULL, `updatedAt` DATETIME NOT NULL);
INSERT INTO orders VALUES(1,'01',1,NULL,0,NULL,NULL,'2021-06-05 07:11:21.749 +00:00','2021-06-05 07:11:21.749 +00:00');
INSERT INTO orders VALUES(2,'02',1,NULL,0,NULL,NULL,'2021-06-05 07:26:45.489 +00:00','2021-06-05 07:26:45.489 +00:00');
INSERT INTO orders VALUES(3,'03',1,NULL,0,NULL,NULL,'2021-06-06 01:57:24.025 +00:00','2021-06-06 01:57:24.025 +00:00');
INSERT INTO orders VALUES(4,'04',1,NULL,0,NULL,NULL,'2021-06-06 03:33:26.333 +00:00','2021-06-06 03:33:26.333 +00:00');
INSERT INTO orders VALUES(5,'05',1,NULL,0,NULL,NULL,'2021-06-06 06:24:15.272 +00:00','2021-06-06 06:24:15.272 +00:00');
INSERT INTO orders VALUES(6,'06',2,NULL,0,NULL,NULL,'2021-07-18 02:26:36.744 +00:00','2021-07-18 02:26:36.744 +00:00');
INSERT INTO orders VALUES(7,'07',2,NULL,0,NULL,NULL,'2021-07-18 02:27:16.900 +00:00','2021-07-18 02:27:16.900 +00:00');
INSERT INTO orders VALUES(8,'08',2,NULL,0,NULL,NULL,'2021-07-18 02:28:30.333 +00:00','2021-07-18 02:28:30.333 +00:00');
INSERT INTO orders VALUES(16,'09',1,NULL,0,NULL,NULL,'2021-08-17 04:22:47.032 +00:00','2021-08-17 04:22:47.032 +00:00');
INSERT INTO orders VALUES(18,'13',1,NULL,0,NULL,NULL,'2021-08-22 13:47:14.558 +00:00','2021-08-22 13:47:14.558 +00:00');
create table if not exists `products` (`id` INTEGER PRIMARY KEY AUTOINCREMENT, `productNo` VARCHAR(255) NOT NULL, `name` VARCHAR(255) NOT NULL, `description` VARCHAR(255), `supplierId` INTEGER NOT NULL REFERENCES `suppliers` (`id`) ON DELETE CASCADE ON UPDATE CASCADE, `createdAt` DATETIME NOT NULL, `updatedAt` DATETIME NOT NULL, UNIQUE (`productNo`, `supplierId`));
INSERT INTO products VALUES(1,'01','水杯300ml','塑料杯盖',1,'2021-06-05 07:02:09.460 +00:00','2021-09-07 16:18:29.595 +00:00');
INSERT INTO products VALUES(2,'02','水杯400ml',NULL,1,'2021-06-05 07:02:09.490 +00:00','2021-06-05 07:02:09.490 +00:00');
INSERT INTO products VALUES(3,'03','水杯500ml','卡通贴图',1,'2021-06-05 07:02:09.492 +00:00','2021-06-29 14:31:12.761 +00:00');
INSERT INTO products VALUES(7,'01','三折雨伞','防晒',2,'2021-06-16 07:58:57.356 +00:00','2021-06-29 14:37:31.857 +00:00');
INSERT INTO products VALUES(8,'02','三折雨伞自动开关','防紫外线',2,'2021-07-18 02:28:03.734 +00:00','2021-07-18 02:28:03.734 +00:00');
INSERT INTO products VALUES(15,'08','超级不锈钢水杯',NULL,1,'2021-09-08 17:13:52','2021-09-08 17:13:52');
INSERT INTO products VALUES(16,'09','超级不锈钢水杯1',NULL,1,'2021-09-08 17:15:47','2021-09-08 17:15:47');
INSERT INTO products VALUES(17,'10','超级不锈钢水杯2',NULL,1,'2021-09-08 17:18:31','2021-09-08 17:18:31');
INSERT INTO products VALUES(18,'11','超级无敌水杯',NULL,1,'2021-09-08 17:20:34','2021-09-08 17:20:34');
INSERT INTO products VALUES(19,'01','跑步鞋',NULL,8,'2021-09-09 05:09:09','2021-09-09 05:09:09');
create table if not exists `orderItems` (

	`id` INTEGER PRIMARY KEY AUTOINCREMENT, 

	`orderId` INTEGER NOT NULL REFERENCES `orders` (`id`) ON DELETE CASCADE ON UPDATE CASCADE, 

	`productId` INTEGER  REFERENCES `products` (`id`) ON DELETE SET null ON UPDATE CASCADE, 

	`productNo` VARCHAR(255) NOT NULL, 

	`productName` VARCHAR(255) NOT NULL, 

	`description` VARCHAR(255), 

	`price` DECIMAL NOT NULL, 

	`quantity` DECIMAL NOT NULL, 

	`createdAt` DATETIME NOT NULL, 

	`updatedAt` DATETIME NOT NULL );
INSERT INTO orderItems VALUES(1,1,1,'01','水杯300ml',NULL,12,3000,'2021-06-05 07:11:21.781 +00:00','2021-06-05 07:26:24.101 +00:00');
INSERT INTO orderItems VALUES(2,2,3,'03','水杯500ml','双层玻璃',13,3000,'2021-06-05 07:26:45.521 +00:00','2021-08-01 03:15:15.245 +00:00');
INSERT INTO orderItems VALUES(5,4,1,'01','水杯300ml',NULL,10,3000,'2021-06-06 03:33:26.371 +00:00','2021-06-06 03:33:26.371 +00:00');
INSERT INTO orderItems VALUES(7,5,1,'01','水杯300ml',NULL,13,3000,'2021-06-06 06:24:15.305 +00:00','2021-06-06 06:24:15.305 +00:00');
INSERT INTO orderItems VALUES(9,2,1,'01','水杯300ml',NULL,11,3000,'2021-06-16 07:34:54.005 +00:00','2021-06-16 07:34:54.005 +00:00');
INSERT INTO orderItems VALUES(10,2,2,'02','水杯400ml',NULL,12,3000,'2021-06-16 07:34:55.009 +00:00','2021-06-16 07:34:55.009 +00:00');
INSERT INTO orderItems VALUES(12,7,7,'01','三折雨伞',NULL,30,2000,'2021-07-18 02:27:16.930 +00:00','2021-07-18 02:27:16.930 +00:00');
INSERT INTO orderItems VALUES(13,8,7,'01','三折雨伞',NULL,25,1000,'2021-07-18 02:28:30.363 +00:00','2021-07-18 02:28:30.363 +00:00');
INSERT INTO orderItems VALUES(14,8,8,'02','三折雨伞自动开关',NULL,30,1000,'2021-07-18 02:28:30.365 +00:00','2021-07-18 02:28:30.365 +00:00');
INSERT INTO orderItems VALUES(15,7,8,'02','三折雨伞自动开关',NULL,32,3000,'2021-07-26 21:52:00.980 +00:00','2021-07-26 22:05:01.971 +00:00');

INSERT INTO orderItems VALUES(24,16,3,'03','水杯500ml','卡通贴图',20,2000,'2021-08-17 04:22:47.066 +00:00','2021-08-17 04:22:47.066 +00:00');

INSERT INTO orderItems VALUES(27,18,3,'03','水杯500ml','卡通贴图',20,6000,'2021-08-22 13:47:14.592 +00:00','2021-08-22 13:47:14.592 +00:00');
INSERT INTO orderItems VALUES(28,18,1,'01','水杯300ml','塑料杯盖',15,3000,'2021-08-30 04:04:30.306 +00:00','2021-08-30 04:04:30.306 +00:00');
INSERT INTO orderItems VALUES(29,18,2,'02','水杯400ml',NULL,18,3000,'2021-08-30 04:05:12.559 +00:00','2021-08-30 04:05:12.559 +00:00');
DELETE FROM sqlite_sequence;
INSERT INTO sqlite_sequence VALUES('suppliers',10);
INSERT INTO sqlite_sequence VALUES('products',19);
INSERT INTO sqlite_sequence VALUES('orders',32);
INSERT INTO sqlite_sequence VALUES('orderItems',46);
COMMIT;
